url,tel
https://www.hattori-k-k.jp/,059-326-5850
http://meiko.p-kit.com/,
https://chino.ed.jp/,0553-33-2624
http://www.yakushi.co.jp/,03-3663-3251
http://www.kds.co.jp/,
http://taiseishoji.co.jp/,03-5453-3225
http://www.kanpoo.co.jp/,042-670-1344
http://daiku-kogyo.com/,070-1771-7276
http://www.histandard.jp/,03-6825-3683
https://www.koito.co.jp/,03-3443-7113
https://www.the-peacock.co.jp/,0570-094891
https://makumachannel.com/about/,06-7171-1895
http://sangyo-branding.co.jp/,042-634-9645
http://www.midorino-eki.net/info/cafe.html,
https://www.naginoki-food.jp/company.html,092-915-0566
http://folgore-roof.jimdo.com/,
https://the-jv.com/,
https://www.techno-lab.co.jp/,
https://www.futureinn.co.jp/,052-732-8031
https://genkai-kogyo.com/,092-963-4664
